Customer_ID,Name,Age,Location,Email
1,Sarah Robinson,22,Jillshire,amypeck@example.org
2,Stephanie Duncan,41,Pottsside,andrew49@example.org
3,Peter Ritter,60,Walkershire,tammy67@example.net
4,Kathleen Hernandez,44,Atkinsonland,larry39@example.org
5,Adam Taylor,52,Shawstad,skinnerkevin@example.com
6,David Bowen,39,Stephanieside,elizabeth45@example.org
7,Jasmine Ward,46,Jacksonmouth,johnsondanielle@example.net
8,Jeffrey Williams,25,North Christina,xhunt@example.org
9,Norma Benitez,29,West Troyside,kylerobertson@example.org
10,Stephanie Armstrong,30,South Sean,shanerogers@example.org
11,Matthew Brown,22,Teresaville,wwelch@example.net
12,Charles May,57,Jenniferbury,nancymercer@example.com
13,Jessica Bell,32,Rebeccashire,jamesgordon@example.org
14,Diane Jones,46,West Davidmouth,freid@example.org
15,Lisa Stewart,28,Ramosburgh,zoebryant@example.org
16,Noah Crawford,26,Port Seanville,jreyes@example.net
17,Steven Hawkins,32,Lake James,deborahmartinez@example.org
18,Lisa Simmons,70,Port Richardbury,hmeyer@example.org
19,Brian Todd,39,Thomasshire,petersondeanna@example.net
20,Brenda Neal,56,East Henryside,diazalicia@example.org
21,Jeanette Knapp,40,Johnhaven,lwhite@example.net
22,Jared Williams,57,South Nicholas,xjohnson@example.net
23,Perry Wallace,69,East Robertstad,pamelasmith@example.com
24,William Smith,56,Burgessside,jose62@example.org
25,Michael Li,31,Lake Brianville,fisherdanny@example.org
26,Valerie Banks,47,Davidbury,morganrobert@example.com
27,Danielle Bradford,25,Olsenfort,marshalltiffany@example.com
28,Katie Oneal,67,South Amy,bmiller@example.org
29,Carol Miller,33,Port Ashley,mrodriguez@example.com
30,Roberto Fry,69,South Kyleborough,medinadavid@example.net
31,Robert Howard,48,Lake Susanstad,kendra21@example.com
32,Richard Craig,56,South Kathleen,william71@example.net
33,Christopher Washington,19,Lake John,kara78@example.org
34,Amanda Sanchez,70,Lake Josephfort,logantaylor@example.net
35,Cindy Walton,22,East Kelly,whitejennifer@example.org
36,Donald Williams,52,East Ericastad,calderonjeffrey@example.net
37,Ryan Lucas,25,Hernandezburgh,eperez@example.org
38,Brittany Mendoza,60,Clarkborough,jeremy02@example.com
39,Bryan Johnson,48,New Frances,srivera@example.net
40,Chris Jones,51,New Rachelton,kenneth55@example.net
41,Logan Stevens,43,Meyerhaven,fscott@example.net
42,Stephanie Davis,41,Heathermouth,ffrost@example.com
43,James Salazar,60,North Marc,zlandry@example.com
44,Adrian Moore,18,Loganstad,ghill@example.com
45,David Moore,24,South Jonathanview,kelly12@example.net
46,Cory Cummings,21,Goldenshire,haley16@example.org
47,Amanda Galvan,32,North Jason,ecardenas@example.com
48,Caitlin Campbell,46,Port Erinland,victorfletcher@example.org
49,Colin Williams,38,Johnsonfurt,bethany03@example.net
50,Crystal Ramirez,58,Jennifermouth,michaelpaul@example.com
51,Robin Marshall,25,Phillipshaven,penajames@example.org
52,Scott Harris,18,Leetown,whiteheadnicole@example.com
53,Kelly Gibbs,68,Smithton,griffinmark@example.org
54,Cheryl Barnes,49,Bakerborough,goldenharry@example.net
55,Daniel Johnson V,69,Charleschester,knunez@example.com
56,Anthony Cordova,34,Lake Davidbury,jesussawyer@example.org
57,Kenneth Rivera,32,Port Traceyberg,harrisjesus@example.net
58,Sonya Rodriguez,22,Courtneyborough,sweber@example.com
59,Dana Miller,58,Lorimouth,jessicawalker@example.com
60,Sherri Maldonado,59,Smithtown,richard80@example.net
61,Norman Bean,67,West Williefort,jacob82@example.net
62,Casey Harris,52,Rodgersmouth,marshalljennifer@example.net
63,Jeremiah Williams,48,Lake Jody,dorissawyer@example.com
64,Alexander Schwartz,59,Jaredberg,mejiabrian@example.com
65,Jaime Walter,56,South Veronicaview,christina66@example.com
66,Rachel Short,22,North Vicki,catherine18@example.net
67,Amanda Rodriguez,45,Marshallville,kennethzimmerman@example.net
68,Felicia Peterson,43,Kimport,kristiecampbell@example.org
69,Jill Lucero,29,Moonview,jessicathomas@example.org
70,Karen White,18,West Amyville,mullinswilliam@example.org
71,Raymond Young,42,North Rickfurt,frankrodriguez@example.org
72,Jill Anderson,43,Port Lauren,seanhill@example.net
73,Shirley Henry,44,New Maria,robertmorris@example.com
74,Dean Williams,42,Darrellberg,stephanie55@example.com
75,Ryan Long,33,Allenshire,aaronjenkins@example.net
76,Thomas Perry,64,Kellymouth,williamsbenjamin@example.com
77,Michelle Robertson,31,Tonyton,kevinwest@example.org
78,Alexis Carrillo,32,Levineborough,robertsjennifer@example.com
79,Danielle Stanton,42,Thompsonberg,nwilliams@example.com
80,Mark Moore,55,Cardenasport,marymontoya@example.com
81,Ashley Davis,42,South Mckenzie,athomas@example.net
82,Jackson Watkins,69,Lake Amanda,spearsbrian@example.com
83,Matthew Fischer,39,Curtisport,lucasphilip@example.org
84,James Allen,42,Lopezshire,sandra14@example.org
85,Leslie Glover,44,Wheelerhaven,balllinda@example.org
86,Karen Rivera,18,Port Patrickview,amanda92@example.org
87,Anthony Gutierrez,19,Lake Dianeton,lhughes@example.org
88,Brian Casey,33,North Tamaramouth,jarnold@example.net
89,Cody Bennett,35,Stephenland,kimberly71@example.net
90,Charlotte Smith,60,Greerfort,jason70@example.com
91,Maureen Baker,42,Lake Katherineville,asmith@example.com
92,Lisa Marshall,66,Lake Katherineton,susanrusso@example.org
93,Megan Davis,26,Mclaughlinside,ryan33@example.net
94,Jaclyn Baker,47,Parkerchester,danielsanchez@example.com
95,Jean Woods,27,East Leslie,kevin17@example.net
96,Shelby Rodriguez,62,Lake Allison,phill@example.com
97,Dustin Wolfe,61,South Meagan,sallyclarke@example.com
98,Andrew Olson,32,Grossmouth,christopherbender@example.org
99,Cynthia Williams,56,East Patriciamouth,warrensusan@example.net
100,John Mosley,67,West Tiffany,stevenreed@example.org
101,Andrea Davis,18,New Ashley,josephtucker@example.org
102,Connie Bullock DDS,36,Carriechester,colemanjason@example.org
103,Nicholas Baldwin,44,Mcdonaldhaven,rmiller@example.org
104,Cynthia Nelson,35,North Daniel,floresapril@example.com
105,William Sellers,22,East Hannah,zachary25@example.net
106,Kristen Williams,38,East Anne,christopher97@example.com
107,Tiffany Hull,56,East Sandra,bstone@example.org
108,Sandra Garza,43,Hillstad,delgadosusan@example.com
109,Jenna Wang,30,South Jasonmouth,davisjoanne@example.com
110,Kyle Williams,50,Port Marcus,douglas27@example.org
111,Elizabeth Goodman,70,Anthonymouth,lhoffman@example.com
112,Christine Rivera,21,North Anthonyshire,michaelwilliamson@example.com
113,Wanda Garcia,37,Mariahberg,lanepaige@example.net
114,Stephanie Kelly,34,East Jameshaven,jenniferscott@example.org
115,Shelly Lopez,40,Lynnmouth,ayersmelanie@example.net
116,Elizabeth Jones,58,Alextown,qbaxter@example.net
117,Ashley Davidson,26,Rosechester,angelaramirez@example.com
118,Aaron Adams,39,Ginaview,edwardgarcia@example.org
119,Sabrina Duncan,58,South Danielshire,michelle44@example.net
120,Eric Smith,25,Melissabury,joelsnyder@example.net
121,Sarah Wilkins,51,Lake Kevin,lunakimberly@example.net
122,Angela Smith,49,South Thomashaven,robertkelly@example.com
123,John Scott,33,Rubentown,laurennixon@example.net
124,Natalie Edwards,68,East Samantha,lisa10@example.org
125,Rachael Banks DVM,33,East Rebecca,richardsmith@example.org
126,Jeffrey Jones,28,New Anthony,heidigarcia@example.net
127,Deanna Carson,63,Port Alexanderbury,william60@example.com
128,Brandi Lynn,21,East Shawn,paul44@example.org
129,Tiffany Cole,34,North Elizabethton,mariarios@example.net
130,Kayla Oneill,64,New James,whammond@example.net
131,Michael Mcdonald,58,Kellymouth,jasmine41@example.com
132,Cheyenne Ward,21,Port Tanya,qroberts@example.com
133,Timothy Woods MD,47,Port Antonio,matthew90@example.org
134,Donna Carpenter,63,North Tina,jnguyen@example.net
135,Emily Bailey,51,Lake Shirleystad,richard98@example.net
136,Sophia Jones,33,Brianborough,sararamirez@example.net
137,April Thomas,62,Staceyville,robertchristensen@example.net
138,Jennifer Cantrell,23,Crystalberg,michael87@example.com
139,Danielle Benjamin,41,East Melanieton,davisbrandon@example.com
140,Stephen Miller,35,South Kayla,eddiegraves@example.com
141,Wendy Ewing,50,Jonesville,riverajohn@example.net
142,Teresa Morales,46,Sarahtown,howardshannon@example.com
143,Jessica Spencer,35,New Alexis,walshmelissa@example.com
144,William Garza,34,Lake Dan,joseph05@example.net
145,Hailey Vazquez PhD,30,Brownborough,brandon88@example.com
146,Jose Rodriguez,22,South Angelaside,samantha25@example.net
147,Mark Stanley,36,Port Jenniferbury,fhernandez@example.net
148,Gregory Simmons,39,Hayesbury,paulaingram@example.com
149,Sarah Reed,20,New Rachel,barnessheila@example.net
150,Nancy Barnes,38,Amandaberg,johnsonjoseph@example.net
151,Mary Davidson,62,Thompsonshire,htaylor@example.org
152,Michelle Willis,48,Dianachester,ashleysweeney@example.com
153,Lauren Morris,66,West Christopherburgh,lindsey67@example.net
154,Amber Anthony,22,Port Jennifer,zscott@example.net
155,Rachel Chavez,27,Brownside,ginacompton@example.net
156,Lauren Martinez,56,Randyborough,jjones@example.com
157,Jessica Hamilton,57,Lake Adam,whitneymcintosh@example.net
158,Sandra Gonzalez,41,Martinmouth,robertjones@example.net
159,Robert Tate,66,North Lindaport,athomas@example.com
160,Ricky Nguyen,60,Lauraville,xcook@example.org
161,Heather Lindsey,20,Kennethshire,monicamooney@example.org
162,Kenneth Moore,24,New Timothytown,chelsey07@example.net
163,Amber Adams,25,Jonesmouth,angela19@example.net
164,Deborah Johnson,33,Lake Robert,lhall@example.net
165,Brenda Price,19,Atkinsonview,johnsonaaron@example.org
166,Robert Mcpherson,25,Kaylaburgh,joserandolph@example.net
167,Ryan Gallagher,63,Reyeschester,sandra28@example.net
168,Alyssa Butler,47,Stricklandfort,edavis@example.com
169,Michelle Knight,56,Maryton,abrown@example.org
170,Julie Lopez,38,East Elizabethmouth,adam66@example.org
171,Paul Galloway,40,Gloriafurt,gcox@example.org
172,Savannah Jones,35,North Nicholas,robert79@example.org
173,Mark Matthews,27,South Cynthialand,karenhernandez@example.net
174,Nicholas Fisher,27,South Karaport,jeffrey68@example.org
175,Kenneth Scott,53,South Thomaston,daydustin@example.com
176,Robert Hendricks,33,Thompsontown,bbullock@example.org
177,David Mccarthy,35,Brandonfurt,mflores@example.net
178,Jeffrey Butler,59,Dustinborough,stephanie79@example.com
179,Tracey Stevens,32,North Judyview,bdunn@example.org
180,Rick Walsh,49,Jasontown,pattymiller@example.com
181,Elizabeth Rich,42,Coleport,emilywoods@example.net
182,Jennifer Chandler,64,North Rebecca,bailey88@example.net
183,Alyssa Martinez,30,Jeffreyburgh,andersoncarolyn@example.com
184,Christopher Ford,56,South Colleenshire,kristinmorton@example.org
185,Michael Hampton,47,South Donaldside,leahmartin@example.com
186,Patricia Thompson,24,East Molly,harrellparker@example.net
187,Molly Rowe,53,Victoriaview,curtiscarey@example.org
188,Tracy Willis,35,Lake Tyler,paul06@example.org
189,Rebecca Williamson,47,Evanschester,cindythompson@example.org
190,Benjamin Hurley,43,East Tyler,keithcindy@example.net
191,Alyssa Ibarra,69,South Julie,nancyabbott@example.org
192,Jimmy Ferguson Jr.,49,Baileyville,zsanford@example.com
193,Robert Lewis MD,29,East Bethany,teresa47@example.org
194,Ronald Johnson,38,East Kathleenton,shunter@example.com
195,Juan Davis,33,Amyshire,benjamin10@example.org
196,Stephen Huynh,62,Kyleside,igordon@example.org
197,Shelia Mcdonald,29,Birdburgh,cindyhart@example.org
198,Jesse Wilson,59,Heathershire,amiller@example.org
199,Christopher Flores,32,South Diane,dawn09@example.com
200,Nathan Ramos,55,Adamshaven,elizabeth67@example.net
201,Emily Hammond,58,Jonesmouth,jessica62@example.org
202,Brandon Wilkerson,60,Brownview,cody07@example.net
203,David Burke,47,New Hannahchester,ashleygordon@example.org
204,Joshua Lee,45,Richardville,christopher14@example.com
205,Brittany Jones,34,Port Donaldmouth,andrea69@example.com
206,Ruben Owens,41,New Jonathan,ortizbobby@example.com
207,Bryan Hunter,48,East Jill,nicole89@example.com
208,Kevin Burch,59,Davidshire,richardkemp@example.org
209,Amber Benjamin,25,Lake James,usanford@example.net
210,Cynthia Santos,34,West Kellyside,zwebb@example.com
211,Beverly Payne,46,East Nancymouth,kbrown@example.org
212,Edward Gibson,33,North Gregory,duncankelly@example.com
213,James Buckley,23,Raymouth,lejonathan@example.org
214,Jessica Brown,65,Jonesview,hollandchad@example.net
215,John Combs,20,East Jeanbury,lindsay61@example.com
216,Larry Miller,65,West Manuel,anthony61@example.com
217,Eric Blackwell,62,Sanfordshire,paula37@example.com
218,Joshua York,54,Smithville,mullinslee@example.com
219,Brandon Taylor,65,Jeffreyland,walkerjason@example.net
220,Lauren Campbell,27,Morganville,paulbrent@example.com
221,Kelly Oconnor,31,Janicemouth,smithkristen@example.net
222,Brian Gomez,52,Lake Erinberg,kevin79@example.net
223,Madison Wilkins,32,East Sarahchester,ijohnson@example.org
224,Anna Wilson,59,South Mitchellton,deborah01@example.net
225,Kristin Sullivan,39,Amberfurt,judith35@example.org
226,Mary Boyd,64,Hayesburgh,smithjoshua@example.org
227,Stephen Decker,56,Ramoston,joshua25@example.org
228,Luis Dean,60,South Amberfort,loganphilip@example.org
229,Adam Johnson,51,South Michaelberg,virginia14@example.com
230,Nicholas Hicks,64,Goodmanville,hkim@example.org
231,John Moreno,43,East Lydia,haley54@example.org
232,Chad Mcgee,29,Haleyland,deanmolly@example.net
233,Lisa Ryan,42,Colefort,tyler30@example.com
234,Ryan Phillips,32,Webbville,james39@example.net
235,Luis Bentley,45,Port Richard,howellcassidy@example.net
236,Keith Warner,61,Kevinside,dhenson@example.org
237,Brian Nixon,25,Josephstad,pamela44@example.net
238,Michael Green,38,Lake Tina,johnsonrichard@example.com
239,Ian Moss,50,Port Johnbury,sandramarks@example.org
240,Lynn Barker,27,North Max,jasminejohnson@example.org
241,Thomas Juarez,23,Stevensborough,whiteryan@example.com
242,Maria Robinson,64,Port Julie,bbrown@example.org
243,Jimmy Weaver,67,Lake Kelly,tpowell@example.org
244,Dawn Tyler,25,New Robinville,rebecca95@example.org
245,Eric Edwards,60,Port David,jaimegeorge@example.com
246,Laura Myers,35,Lake Johnburgh,stevengallegos@example.org
247,Robert Huang,28,Juanland,cantualison@example.net
248,Mrs. Holly Webb PhD,43,Nicolefurt,jyoung@example.net
249,Garrett Williams,56,Amandaview,michaelray@example.org
250,James Ramirez,67,Lake Rachel,jlopez@example.com
251,Tracy Evans,38,North Dawnhaven,aclark@example.org
252,Thomas Wilson,64,Mikestad,kathleen84@example.com
253,Stephanie Pennington,52,Gomezland,michelle34@example.net
254,Peter Bradley,58,Barbaramouth,karen29@example.org
255,Mr. Garrett Scott,50,West Thomas,amyspencer@example.net
256,Annette Smith,28,South Jason,burnslindsey@example.com
257,Michelle Haynes,60,Lake Donnaside,cainmatthew@example.com
258,John Sanchez,52,Debrafort,hintonchelsea@example.com
259,Isaac Hill,21,Lake Andrea,william12@example.net
260,Amber Lewis,28,Patrickside,valerie08@example.org
261,Tristan Miller,35,East Tiffany,qcabrera@example.org
262,Melissa Foley,32,New Laura,joyce72@example.net
263,Linda Gillespie MD,37,Emilytown,smithgregory@example.net
264,Erik Williams,55,Jeffberg,steve20@example.com
265,Lynn Peters,68,Hayestown,jessica00@example.com
266,Jason Lee,34,Toddtown,yjohnson@example.net
267,Andre Martin,31,South Russell,smithphyllis@example.net
268,Gary Rice,46,South Hannah,williecontreras@example.net
269,Katrina Mills,22,Coopershire,ulee@example.com
270,Lori Weaver,66,Huntborough,braunsarah@example.org
271,Tonya Fisher,47,Lake Jeremy,zimmermanamber@example.com
272,Aaron Young,18,Brownfurt,jennifercastillo@example.net
273,Gina Salazar,21,Johnsonbury,rachel59@example.org
274,Mark Burke,44,Santiagotown,carol89@example.net
275,Katie Jenkins,44,Marshport,mwest@example.com
276,Mike Bennett,45,Garnerview,nbell@example.net
277,Andrew Kelly,43,Karaburgh,erin45@example.net
278,Jasmine Hall,33,Villaland,justinoliver@example.com
279,Darrell Mason,59,West Max,qmartinez@example.com
280,Vincent Castro,34,Lake Brittany,jeremy50@example.com
281,Brenda Branch,39,Laurenborough,wheelerjason@example.net
282,Brian Melton,34,South William,lindsay92@example.net
283,Sydney Johnson,38,North Annaborough,wharris@example.org
284,Deanna Ryan,55,Port Jacquelinefort,williamgriffin@example.org
285,Lauren Wright,30,Logantown,mathischristine@example.com
286,Robert Garcia,48,Port Thomas,lopezjoshua@example.org
287,Nathaniel Phillips,55,Robertstad,connie44@example.com
288,Dr. Travis Jordan,43,Timothyfort,sethharris@example.org
289,Sarah Sweeney,54,Lake Robert,wschmidt@example.net
290,Fred Castaneda,63,Port Ann,dawsonthomas@example.com
291,Anthony Soto,53,Lake Jacksonborough,greenjames@example.com
292,David Davis,65,Penaborough,fdavis@example.org
293,Edwin Lawson,34,Lake Robert,jamesblackburn@example.org
294,Timothy Odom,52,Davidbury,aguirrechelsea@example.com
295,Desiree Walker,20,Benderfurt,scottmatthew@example.com
296,Timothy Brown,21,East Adam,patty04@example.net
297,Katherine Morgan,55,Lawrencechester,fdavis@example.net
298,Beth Wright,65,North Carol,michaelpetersen@example.org
299,Jordan Anderson,69,South Williammouth,richardmeza@example.org
300,Jose Harper,32,West Michael,anne66@example.com
301,Christopher Mcintosh,67,New Alicia,jacquelinerosales@example.net
302,James Lam,33,East Ashleystad,mckinneymelissa@example.com
303,Steven Terry,37,Johnside,griffithrebecca@example.org
304,Bradley Fernandez,30,Hornport,margaret87@example.com
305,Frank Harrison,34,North Robert,toddgilmore@example.net
306,Jack Gray,32,East David,pamela92@example.org
307,Marcus Crawford,39,Davisberg,nortoncolin@example.net
308,Luis Holloway,35,Lake Barbaraland,thickman@example.com
309,Amy Riley,54,Henryview,duncanbridget@example.com
310,Scott Barnes,56,Port Amy,berrydebbie@example.com
311,Paul Ramirez,53,East Donald,mparks@example.com
312,Richard Brown,30,Katrinaland,kathryn03@example.org
313,Albert Watson,54,Michaelside,jessica11@example.com
314,Maria Cruz,52,Williamfurt,curtis26@example.org
315,Matthew Adams,49,South Kara,barry24@example.com
316,Andrew Cook,48,New Christopher,fostergregory@example.org
317,Vincent James,26,Antonioville,timothyevans@example.org
318,Douglas Rodriguez,61,Lake Becky,annaadams@example.org
319,Frederick Stout,67,Karenland,schristian@example.org
320,Mr. Ruben Garcia,61,Reidbury,johnathan98@example.net
321,Hailey Smith,43,South Cheyenneberg,bmckinney@example.com
322,Jaclyn Graham,44,West Toddshire,obrienstacy@example.net
323,Nicholas Wood,42,Gillespieshire,murraymarcus@example.net
324,Jacob Harris,65,Gonzalesmouth,camposnicholas@example.net
325,Cynthia Pope,35,East Sophia,matthew65@example.com
326,Kelly Rogers,56,North Rachelside,michelle30@example.com
327,Monica Gilmore,53,West Heathershire,joseph39@example.org
328,Lisa Sanchez,65,Lake Barryburgh,sgardner@example.org
329,Mary Duke,37,Bryanfurt,kennethmartinez@example.org
330,Vanessa Brooks,51,South Lindaborough,charleswall@example.net
331,Elizabeth Evans,67,Hernandezmouth,qwhitney@example.org
332,Nicholas Morgan,22,Jamesville,lindaortiz@example.net
333,Raymond Wall,61,Lake Susan,owensfrancisco@example.net
334,Felicia Santiago,36,Port William,adavis@example.org
335,Jennifer Murphy,19,Port Michellemouth,karen26@example.org
336,Kevin Hood,56,Jennatown,amanda41@example.net
337,Michele King,37,South Gregory,austingutierrez@example.com
338,Jesus White,57,Kristenland,johnsonconnie@example.net
339,Javier Leon,38,West Margaret,carrie75@example.net
340,Roger Bell,68,Martinton,taylorbonnie@example.org
341,Jennifer Morgan,63,Heatherport,bakererin@example.org
342,Jeremy Miller,46,West Ianside,ajoseph@example.com
343,Travis Kemp,59,Vargashaven,mary49@example.net
344,Angela Gregory,36,Annaview,barbarareyes@example.com
345,Rita Bell,35,Kaitlynbury,vmartinez@example.com
346,Justin Ortega,24,Mcbrideburgh,montgomeryjennifer@example.com
347,Brenda Rogers,65,Wilsonfurt,glee@example.org
348,Jennifer Davis,52,Port Erica,tricia94@example.net
349,Dylan Jackson,37,Millerside,cassidygomez@example.com
350,Adam Mcclure,48,Houstonside,hawkinsdenise@example.org
351,Margaret Douglas,33,South Kayla,holmescharlotte@example.com
352,Joshua Cook,47,Nelsonland,charles87@example.net
353,Ashley Jones,46,Port David,pattersonbryan@example.com
354,Dillon Smith,60,East Brittany,richardescobar@example.com
355,Mr. Brian Anderson II,50,New Laurenberg,xhenderson@example.org
356,Dr. Michael Harvey,54,East Jasonmouth,brookskristin@example.org
357,Tammy James,66,Stephaniefort,jamesgarrett@example.com
358,Mario Kelley,61,Huffbury,aaroncarroll@example.net
359,Beverly Henry,62,West James,thomaschristine@example.net
360,Gary Lutz,21,Cynthiafort,hernandezanthony@example.org
361,Mr. Mark Lara,65,Lyonshaven,amanda72@example.net
362,Ashley Preston,33,Port Guy,jennifertaylor@example.org
363,Edward Griffin,24,New Bryanburgh,madison46@example.org
364,Rebecca Knight,26,South Daniel,melissabrown@example.com
365,Justin Gardner,61,Shanebury,cochranjacqueline@example.com
366,Aaron Carson,61,Brooksville,kristinetaylor@example.net
367,Richard Nelson,59,Parkchester,pmiller@example.net
368,Christina Brown,39,Paulborough,jenny06@example.net
369,Nathaniel Keith,26,Gonzalezland,susan20@example.org
370,Charles Carrillo,21,Carolfort,tammysullivan@example.com
371,Austin Thomas,20,Goodmanview,mcdowellamy@example.com
372,Belinda Hernandez,43,East Dianahaven,youngdanny@example.org
373,Michael Jackson,37,East Jeffreyfurt,twalker@example.org
374,Charles Garcia,40,Meganfort,wernerjoseph@example.net
375,Lindsay Torres,65,Alexandrafort,stokeschristine@example.com
376,David Avila,38,Williamsmouth,kristopher77@example.com
377,Mr. David Gray DVM,67,Dillonfort,cmorgan@example.com
378,Patrick Ramos,58,Dustinstad,haleymurray@example.com
379,Rachel Hartman,45,East Michael,mrose@example.com
380,Vincent Rodriguez,41,Michaelton,jerrymason@example.org
381,Rachel Graves,56,Kingfort,anthonynavarro@example.com
382,Gary Hardin,69,East Christopherburgh,curtisneal@example.org
383,Steven Romero,55,Donnatown,anne00@example.com
384,Dr. Andrew Pollard,68,Cassandraton,sandyburns@example.org
385,Mike Underwood,27,Melanieshire,ahaney@example.org
386,Samuel Quinn,46,Patelville,mjones@example.org
387,Charles Ramos,38,Natalieport,ashley27@example.com
388,Antonio Taylor,42,Lake Robin,holly41@example.com
389,Jessica Goodwin,28,East Janet,pgonzalez@example.org
390,Linda Lutz,62,New Stephenton,tammy91@example.com
391,Matthew Burns DVM,62,Lake Carlos,mwilliams@example.org
392,Ricardo Contreras,44,Rebekahside,jason44@example.com
393,Daniel Barron,39,Rogersville,tracy17@example.com
394,Jennifer Lopez,47,Farrellstad,leonard77@example.org
395,Robert Diaz,54,West Mary,rebecca61@example.org
396,Barry Duran,22,South Tina,kathleen54@example.org
397,Gregory Warren,61,Anthonyton,jessica07@example.net
398,Lauren Parker,33,Goodmanburgh,saraberry@example.net
399,Caitlin Woods,41,Smithview,bowmaneric@example.com
400,James Lloyd,37,Port Erinmouth,davidsonelizabeth@example.net
401,Taylor Beard,45,North Peterside,amanda52@example.com
402,Ryan Waters,44,West Edward,jodi92@example.com
403,Ruth Jackson,33,New Jeremy,qsmith@example.net
404,Kelly Flores,50,Cathyport,danielledixon@example.net
405,Michael Bell,45,East Tammyville,twade@example.org
406,Michael Webb,66,Lake David,kweber@example.net
407,Steven Jacobs,30,Lake Seanmouth,hreyes@example.org
408,Richard Mitchell,37,Mooreside,fordmonique@example.net
409,Kelly Garza,69,South Kathymouth,xgarcia@example.net
410,Tara Davenport,64,Romeroborough,santiagocharles@example.com
411,George Nguyen,19,Port Joshuaburgh,pamcraig@example.net
412,Kenneth Walker,70,Prestonfort,erikacarter@example.org
413,Diana King,21,Lancetown,vincent59@example.net
414,Jennifer Johnson,43,Beckerport,lambeth@example.net
415,Vickie Griffin,53,East Christopherland,mary18@example.org
416,Linda Price,41,Moralesshire,lhall@example.org
417,Michelle Bowman,38,Adamview,evansjames@example.org
418,Henry Berry,34,West Rodneyview,bshaw@example.net
419,Stephanie Sullivan,38,South Kristy,carlgraham@example.org
420,Jim Key,30,East Lori,twilliams@example.org
421,Jennifer Garcia,22,Jonesborough,mitchellchristopher@example.org
422,Scott Peterson,61,North Joel,xwashington@example.org
423,Rebecca Adams,33,Karlahaven,davidavila@example.org
424,Ronald Vargas,58,Kristashire,trichardson@example.org
425,Robert Santana,56,North Briana,arthurdiaz@example.org
426,Tiffany Bartlett,31,Nicholaston,englishpatricia@example.org
427,Todd Brown,30,Brandonport,rgreen@example.com
428,Renee Castillo,48,North Jeremy,wendy50@example.net
429,Jennifer Clay,57,Port Williambury,ricardosuarez@example.com
430,Jennifer Medina,70,South Ruth,buckchristina@example.net
431,Heather Graham,32,Theresafort,tmoore@example.org
432,Thomas Edwards,20,Port Tiffany,tyler18@example.com
433,Ronald Rodriguez,44,Dominguezburgh,jessica20@example.org
434,Joshua Watkins,42,New Bryce,ssparks@example.com
435,Ray Gonzalez,51,Brownside,jdavidson@example.net
436,Maria Cooper,62,Lake Andreaville,pdavis@example.net
437,Felicia Villarreal,62,Maxwellfort,fcook@example.net
438,Christopher Lopez,31,West Beth,karlaglass@example.com
439,Bryan Anderson,31,Colemanport,melissaowen@example.com
440,David Lopez,43,Melissaberg,thorntondaniel@example.com
441,Ross Cabrera,22,North James,christianbanks@example.com
442,Amanda Spencer,63,New Steven,joseph61@example.com
443,Kevin Mendez,39,East Emmaport,carrie21@example.org
444,Jacob Bowen,35,Acostaland,riveramark@example.net
445,William Rogers,31,New Kathryn,patrickcantu@example.org
446,Taylor Reyes,54,Daveport,zgreen@example.org
447,Richard Hardy,69,South Christineside,mwashington@example.org
448,Carrie Kelly,65,South Christopherchester,johnferguson@example.org
449,Ruth Mahoney,39,Johnborough,stacey76@example.net
450,Jennifer Rivera,60,Martinside,deannawright@example.org
451,Jasmine Carson,59,North Emily,shawnburns@example.com
452,Michelle Cruz,33,West Edward,dawn98@example.com
453,Barbara Houston,38,Steeleland,paulaclark@example.com
454,Desiree Evans,52,Jessicafort,rsoto@example.net
455,Timothy Hill,37,Edwintown,cfigueroa@example.org
456,Mary Phillips,66,Jackiechester,marybarnes@example.org
457,Alexandra Garrison,59,Woodsburgh,waltonperry@example.com
458,Robert Wilson,23,Hancockport,vasquezadam@example.com
459,Frederick Sanchez,18,New Samantha,shannonbush@example.net
460,Veronica Benson,57,Lake Jessicaland,mrodgers@example.net
461,Jessica Foster,36,Lake Cindyfurt,sward@example.net
462,Dustin Johnson,43,Troyview,christianmclean@example.net
463,Isabel Brown,46,Jenniferfort,cooperrobert@example.org
464,Jennifer Powell,67,New Alejandroborough,millerann@example.org
465,Timothy Orozco,58,Harrellmouth,simsbrianna@example.org
466,Erica Bailey,24,Port William,rodriguezjasmine@example.net
467,Megan Gonzales,42,North Justin,collinsvincent@example.com
468,James Barron,42,Carrollchester,jmoore@example.net
469,Kayla Walker,29,Maryhaven,ulopez@example.com
470,Megan Morris,42,North Michelle,richardpadilla@example.net
471,Chelsey George,23,Millershire,jacksonwheeler@example.net
472,April Richardson,22,Johnsonborough,jodowns@example.com
473,Patricia Bennett,27,Lake Randy,jesussanchez@example.org
474,Danielle Myers,19,New Jake,lwilson@example.com
475,Michael Marks,20,Claytonbury,pamela74@example.net
476,Kristi Higgins,67,Thomasburgh,ostone@example.net
477,Anna Baldwin,37,West Anne,debrafreeman@example.com
478,Melissa Green,20,Vaughnstad,martinezjonathan@example.org
479,Justin Johnson,39,Spencerbury,burchrobert@example.org
480,Bruce Pena,27,West Pamelashire,rodriguezcarlos@example.com
481,Mrs. Sylvia Figueroa DDS,40,East Joeberg,jennifer30@example.org
482,John Martin,66,East Daniel,ugeorge@example.net
483,Lauren Wells,47,Millerland,craig87@example.org
484,Marilyn Hall,50,South Spencer,ryanleon@example.net
485,Rhonda Moreno,48,Lake Derekchester,lopezhannah@example.net
486,Michael Jones,62,Michelleview,poncechelsea@example.org
487,Patrick Stewart,54,Markfurt,panderson@example.net
488,Laura Harris,18,North Rebeccaburgh,pharmon@example.com
489,Jonathan Pearson,41,South Steven,klopez@example.net
490,Gina Rogers,37,Jamesmouth,gilespeter@example.org
491,Nicole Sullivan,28,South Cynthiabury,jennifermarsh@example.org
492,Mark Campbell,69,New Danielbury,rogergibson@example.net
493,Ruben Torres,51,South Richard,dsullivan@example.com
494,John Harvey,20,West Christopher,richard44@example.org
495,Peter House,25,Basshaven,ramirezjoann@example.org
496,Nancy Hicks,60,Michaelview,allison95@example.net
497,Dana Perez,70,Matthewview,farrellrobert@example.net
498,Timothy Monroe,53,Danielmouth,williamsjared@example.org
499,Arthur Bell,70,Nelsontown,jeffreyrobertson@example.net
500,James Watts DVM,67,Johnport,nicholas93@example.net
501,Amanda Campbell,57,South Keith,wongsamuel@example.com
502,Thomas Maddox,31,East Rebecca,xrose@example.org
503,Jesse Bradford,30,Roberthaven,jerrychandler@example.net
504,Christopher Duffy,26,West Dennisview,xjennings@example.org
505,Danielle Martin,67,New Samantha,youngnicole@example.com
506,Tiffany Miranda,55,North Stephaniefurt,diazdavid@example.net
507,Angela Holden,46,Allentown,jesseadams@example.com
508,Stephanie Liu,50,Christopherhaven,vwatkins@example.org
509,Nicholas Salazar,26,Jenniferview,obrientonya@example.com
510,Jill Welch,33,Madisonberg,jon57@example.org
511,Nicholas Martinez,64,Lopezshire,bperez@example.com
512,Brenda Sandoval,28,Elliottport,haley61@example.net
513,Jennifer Hernandez,27,New David,melinda13@example.org
514,Leah Middleton,33,Port Mackenziefort,clee@example.net
515,Nicholas Santana,36,Alexandertown,michele15@example.net
516,Jason Torres,56,Wellsville,stephencampbell@example.com
517,Megan Holden,22,West Bradleychester,fross@example.org
518,George Wilkerson,37,Arnoldborough,oweber@example.net
519,Nicholas Williams,37,Lake Kevin,ggoodman@example.org
520,Brenda Lewis,69,Port Davidport,timadams@example.net
521,Shawn Hill,56,Katiemouth,hannahgarza@example.com
522,Shannon Jackson,65,Riceshire,fgibson@example.net
523,Sydney Castillo,51,Davidshire,yfrey@example.org
524,Richard Miller,64,Port Michelle,uspencer@example.com
525,Jeremy Miller,31,Delacruztown,atkinsonjonathan@example.com
526,Pam Schneider,64,Santiagostad,fordrobert@example.org
527,James Rodriguez,50,North Jenniferborough,richard43@example.net
528,Jennifer Henry,35,Hunterhaven,markschultz@example.net
529,Kristen Morris,55,South Oliviabury,emily18@example.org
530,Larry Sharp,37,Port Justin,hhines@example.net
531,Douglas Carson,24,West Elizabethhaven,jessica34@example.com
532,Stephanie Lopez,58,Alisonview,ijensen@example.com
533,Christopher Aguirre,25,Lisaview,imiranda@example.org
534,Kimberly Cross,23,East William,walkertina@example.net
535,Dr. Sonia Jackson,26,Murillostad,lewiszachary@example.org
536,Brandon Williams,36,Jacksonmouth,burnettkrista@example.com
537,Steven Fowler,48,New Tara,davidchapman@example.org
538,Frank Lee,67,East Michael,annabenson@example.net
539,Mathew Garcia,21,Waynestad,halljody@example.com
540,Kelsey Moore,43,Lake Elizabethtown,daviswilliam@example.org
541,William Clark,35,Parrishhaven,emily19@example.net
542,Ronald Shepherd,36,West Kristenside,dbenson@example.net
543,Sharon Lee,55,New Audrey,ospence@example.net
544,Eric Stevens,66,Lake Brian,juantaylor@example.org
545,Michael Oliver,24,East Bradleyberg,jasoncarlson@example.com
546,Erin Moore,38,Paulaport,marcus83@example.com
547,Bradley Smith,58,North Valerieside,savannah78@example.com
548,Angela Little,25,Jillton,cooperjames@example.net
549,Thomas Fisher,41,West Sara,kempkaitlyn@example.com
550,Nicholas Cruz,57,Vincentstad,dortiz@example.net
551,Crystal Perez,48,Jenniferburgh,pjacobson@example.org
552,Jennifer Salas,66,Branchport,justin67@example.net
553,Diana Stone,67,Cherylport,brentarnold@example.net
554,Brandon Hunter,51,Jacobhaven,brandonlopez@example.org
555,Donna Flores,37,Banksstad,nwalker@example.net
556,Adam Schmidt,22,New Wesley,scott53@example.com
557,Taylor Robinson,22,Port Davidberg,zgolden@example.net
558,Nicholas Reynolds,34,Gentryshire,rachel45@example.com
559,Cynthia James,64,Lake Andrew,charlesvalerie@example.net
560,Mary Williams,60,Lopezchester,carrillojon@example.org
561,Christopher Murphy,22,East David,campbellkevin@example.com
562,Veronica Banks,50,Jasmineborough,thomasdalton@example.net
563,Donna Gibson,54,Belltown,justinlewis@example.net
564,Ronald Barnes,45,South Mason,okramer@example.com
565,Lauren Ryan,39,North Rodney,sarah55@example.net
566,Laura Hendricks,52,Adamside,rjackson@example.org
567,Thomas Carroll,19,Josephmouth,cory24@example.org
568,Kerry Yang,18,Michaelbury,swolfe@example.net
569,Jessica Bowen,43,Jennifermouth,darrell50@example.net
570,Lisa Baird,32,Jonesfort,sharon85@example.org
571,Christopher Randolph DDS,37,Cindyburgh,wsherman@example.net
572,Matthew Rogers,40,West Richard,michelle38@example.org
573,Sarah Porter,49,Jesseton,hornkaren@example.org
574,Nancy Mccall,66,Christopherborough,jacob40@example.org
575,Carmen Santiago,39,Port Jonathanchester,tmorgan@example.org
576,Donald Stevens,70,Gutierrezville,shelby96@example.org
577,Andrea Ramirez,39,Davidview,james37@example.com
578,Christopher Garcia,31,East Joseph,mark81@example.org
579,Tammy Ford,45,South Toddview,eruiz@example.org
580,David Reyes,49,Parkermouth,barrerachristopher@example.org
581,Bradley Franco,45,Steveville,ospears@example.org
582,Alyssa Barr,47,Donaldchester,linda47@example.org
583,Todd French,35,Jaredville,david91@example.com
584,Connie Clay,63,Nicoleland,anitagibbs@example.com
585,Nathaniel Harris,22,Port Jason,matthewpearson@example.net
586,Jennifer Gilmore,57,Richardbury,bradyphyllis@example.org
587,Lisa Green,20,North Christianburgh,lyonsjennifer@example.com
588,Melissa Turner DVM,56,Chambersmouth,williammartinez@example.net
589,Mr. John Lee,21,Morrischester,kenneth17@example.net
590,Brittany Mccullough,40,East Mariafurt,jacobbean@example.org
591,Ruth Russell,50,Jonesbury,bonnieescobar@example.com
592,Krista Mcgrath,54,East Amybury,amyholland@example.com
593,Lauren Lewis,35,East Stephanie,jill50@example.org
594,Nathan Brown,63,Bradleymouth,kyoder@example.net
595,Becky Chapman,56,Lake Andrewmouth,michaelmoreno@example.net
596,Christopher Ortiz,39,Davidton,bradleymichael@example.org
597,Krista Douglas,28,Gutierrezmouth,george19@example.com
598,Christopher Miller,37,Sherrybury,posborn@example.com
599,Timothy Jones,59,Sanchezchester,robertsimon@example.net
600,Danny Johnson,34,North Shannon,nelsondaniel@example.net
601,Rebecca Rogers,59,Yvetteview,ryanpamela@example.net
602,David Wilkinson,32,Brettmouth,andreacarey@example.net
603,James Levine,66,South Nathanbury,allisonhuang@example.com
604,Rebecca Snyder,26,Tiffanystad,reyestammy@example.net
605,Diane Jackson,38,Davidside,bushheather@example.net
606,Destiny Barrett,29,Christopherhaven,charlesgreene@example.com
607,Andrea Brown,52,Heathshire,morrisongloria@example.org
608,Patricia Allen,23,New Jonathanberg,turnerannette@example.org
609,Mary Ellison,47,New Randyville,wagneredward@example.org
610,Jennifer Davidson,70,Crystalchester,raymondrobinson@example.com
611,Rachel Flores,35,New Adamchester,marissacaldwell@example.org
612,Alejandra Carter,40,Melissastad,xglenn@example.net
613,Regina Johns,63,Barrymouth,villabrittany@example.org
614,Taylor Thomas,49,East Christopher,hdavidson@example.org
615,Kevin Jordan,61,East Kelly,amanda55@example.org
616,Scott Flynn,47,Rodgersport,brian39@example.net
617,David Le,60,Hunterburgh,tvalenzuela@example.net
618,Timothy Hernandez,48,New Troy,bruce19@example.net
619,Robin Johnson,45,Newmanfort,ortegasarah@example.net
620,Richard Daniel,45,North Juliestad,robertsullivan@example.com
621,Curtis Leonard,19,East James,copelandluke@example.net
622,Jennifer Fisher,32,Lake Stephanieberg,wedwards@example.com
623,Sandy Leon,51,Adammouth,katiecohen@example.org
624,Morgan Shepherd,58,West Rhonda,djacobs@example.com
625,Karina Walker,42,North Laurenmouth,megansmith@example.org
626,Emily Gonzalez,59,Brianton,melendezchristine@example.com
627,Justin Wright,23,Sanfordstad,nnelson@example.net
628,Martin Sims,59,Gilbertberg,tiffanymoore@example.org
629,James Gould,20,Williambury,joanpatel@example.org
630,Jacob Jones,54,New Shannon,michellewang@example.org
631,Luke Hendrix,38,Jeremyland,pauladams@example.com
632,John Fernandez,59,South Jaime,charles26@example.net
633,Brittany Moore,66,North Marcusbury,danielle00@example.org
634,William Estes,33,North Jason,ravenholloway@example.org
635,Paige Sanchez,22,New Jameshaven,michele00@example.org
636,Jason Barrett,18,Lake Erika,matthewholt@example.com
637,Jacob Young,34,New Stephen,duartebonnie@example.net
638,Brittany Jones,68,East Bradley,lauriethomas@example.net
639,James Hays,24,Maysbury,wendycastro@example.org
640,Kimberly Dunn,59,Brianview,zoconnell@example.net
641,John Mack,54,Wrightbury,tylerramirez@example.net
642,Michael Walker,63,Davisborough,xtorres@example.com
643,Brent Petersen,25,Cynthiaborough,xsmith@example.com
644,Kimberly Lucas,48,Whitemouth,tmartin@example.org
645,Oscar Braun,29,Rickyside,bobby92@example.net
646,Rhonda Green,57,Port Angela,ryanowens@example.com
647,Maria Pierce,28,Cruzborough,robertsraymond@example.org
648,Diane Stewart,39,West Jessica,jimenezshelly@example.com
649,Jason Harris,57,Shannonberg,nelsondavid@example.org
650,Amanda Orr,22,New Jeanne,qsanchez@example.org
651,Thomas Allen,47,Pagefort,zmendoza@example.org
652,James Pope,37,Tammyborough,jamie33@example.com
653,Jenny Mcfarland,55,Markfort,ryan13@example.com
654,Carol Schneider,39,Port Robert,richardsonalan@example.org
655,Justin Lee,42,New Denise,christianbrandi@example.net
656,Edward Navarro,41,Shawnfurt,parkerdavid@example.net
657,Phillip Young,31,Port Christopherside,rachelbraun@example.org
658,Melissa Bender,24,Port Moniqueton,khouston@example.com
659,Christopher Ramirez,26,Lucasside,farrelljoshua@example.com
660,Timothy Lewis,22,Hannahborough,kimberlyfoley@example.net
661,Wanda Scott,64,Hawkinsshire,zwalker@example.net
662,Stefanie Evans,48,West Jennifer,mathew76@example.com
663,Cynthia Aguilar,70,Turnerland,rileybeth@example.com
664,Mr. Jesus Rodriguez,46,Morganside,qwatts@example.org
665,Christina Reed,70,East Joshuaton,nwelch@example.com
666,Shannon Bowman,38,Sherryshire,stephanie60@example.com
667,Leslie Evans,26,Lauraburgh,smithanita@example.com
668,David Thompson,59,Barrerafort,patriciaharris@example.com
669,Eric Johnson,60,Franklinmouth,sarathomas@example.com
670,Alison Martinez,44,Gregorymouth,mmullins@example.com
671,Vincent Anderson DDS,39,Reeveshaven,kelly10@example.org
672,Rachel Sanders,47,Lake Laurie,youngdaniel@example.com
673,Chad Burton,69,East Jason,jason77@example.org
674,William Aguilar,41,East Kirk,ewise@example.net
675,Sharon Davidson,38,Summerchester,robert68@example.com
676,Melissa Wolf,45,New Jayside,shelley03@example.com
677,Ann Williams,28,North Meghan,bellkelly@example.com
678,Adam Hanna,50,North Anthonyland,krice@example.org
679,Michele Campbell,36,Zacharyside,rglenn@example.net
680,Timothy Stewart,70,East Kimberlyton,morrisjose@example.org
681,Kathleen Smith,40,North Shane,dcollins@example.org
682,Christopher Hubbard,22,Johnshire,bowenmackenzie@example.net
683,Arthur Roy,61,Alejandrotown,teresa64@example.com
684,Dr. Keith Frost Jr.,52,Paigefort,amandabryant@example.net
685,Sydney Hayes,46,South Anthonyton,jordansamuel@example.com
686,Christina Henry,50,East Cory,jacobnguyen@example.org
687,Nichole Wilson,56,Jessicaton,heatherharrison@example.com
688,Amanda Gonzales,62,Jonathanview,jessicawalker@example.net
689,Andrew Brown,21,South Jill,vlopez@example.net
690,Kristina Simon,45,South Nathan,bgalvan@example.com
691,Nathaniel Jones,30,Josehaven,williamscarlos@example.com
692,Robert Hanson,60,Rachelfort,allenbrian@example.com
693,Jonathan Williams,49,Robertsport,xnicholson@example.net
694,Donald Rodriguez,46,Atkinsville,ochoamary@example.net
695,Lindsay Hamilton,55,Thomasland,ewilson@example.org
696,Patricia Baker DVM,26,Rossville,benjaminlopez@example.com
697,Diana Young,27,Lake Debbieshire,bjimenez@example.org
698,Kenneth Howell,69,Annahaven,gwood@example.net
699,Annette Franco,53,Port Amber,vanessaluna@example.net
700,John Perez,28,Lunamouth,nathan22@example.com
701,Christopher Perez,66,Port Jennifershire,scott93@example.com
702,Ralph Luna,42,Lake Chris,thomasjoseph@example.net
703,Christopher Bowen,47,East Danielmouth,frank57@example.net
704,Jennifer Williams,46,New Sarah,coxstephanie@example.org
705,Douglas Parker,64,South Rachelland,kaitlyn55@example.org
706,Rachael Miller,18,Port Christopher,mgrant@example.net
707,Jennifer Morrow,42,Carrollport,collinsangela@example.org
708,Joy Townsend,25,North Barbarahaven,blake21@example.com
709,Douglas Olson,26,Lake Jeffery,kristin43@example.com
710,Jacqueline Cruz,47,Lake Jenniferland,shooper@example.com
711,Kelly Lewis,64,Dillonside,roberta50@example.org
712,Megan Frank,56,Lake Elizabethview,derek35@example.net
713,Rachel Warren,63,West Markmouth,whunter@example.net
714,David Allison,27,North Malloryborough,elizabethdelgado@example.com
715,Sean Young,30,Gonzalesborough,pwang@example.org
716,Mindy Wood,65,South Randystad,seanwelch@example.com
717,Joshua Johnson,30,Robertamouth,robert88@example.net
718,Kathleen Wiggins,49,New Joshua,qfernandez@example.net
719,Kaitlyn Owen,60,Pamelafurt,kelly35@example.net
720,Shawn Russell,22,Ashleychester,ubest@example.net
721,Connor Clark,24,Conleyview,maria21@example.com
722,Dr. Kimberly Reese,57,Alisonside,andrewmendoza@example.com
723,Crystal Estrada,50,Jessicafort,ugamble@example.org
724,Ricky Wilson,62,Haileyville,iromero@example.org
725,Brad Gordon,21,Sellersborough,fchavez@example.com
726,John Evans,20,Margaretborough,contrerasleonard@example.com
727,Kristopher Hudson,28,Jessicachester,kevin90@example.org
728,Sherri Holland,62,Mendozamouth,zscott@example.com
729,Christina Myers,45,Flowersborough,leeroy@example.com
730,Mary Small,21,West Kellimouth,jonathanbrooks@example.com
731,Tim Henderson,45,Port Zacharyborough,rsnyder@example.net
732,Dr. Kenneth Castillo DDS,57,East Claire,leerachel@example.org
733,Nancy Moran,70,Port Jennifermouth,jking@example.org
734,Michael Lewis,70,South Jessica,connieknight@example.com
735,Lisa Hill,65,West Michael,stevennorton@example.com
736,Joshua Leonard,70,East Walter,ilove@example.org
737,Taylor Lamb,33,East Christopher,mleon@example.com
738,Christina Blackwell,66,West Alexandra,qcarter@example.org
739,Tyler Howard,30,Priceborough,christianmckenzie@example.com
740,Jerry Park,35,New Kayla,emilywashington@example.net
741,Eric Donovan,21,Shafferfort,reedalyssa@example.com
742,Carmen Ingram,61,Samuelfort,millerjessica@example.com
743,Lisa Anderson,39,South Claudia,qgiles@example.org
744,Frederick Parks,48,Cervantesmouth,emily43@example.org
745,Robert Williamson,50,New Timothyborough,kari42@example.org
746,Brian Hogan,31,Ginaview,ppatrick@example.org
747,Jessica Hughes,57,Tiffanyview,kellyaguilar@example.net
748,Brenda Murphy,37,East Jessica,watsondouglas@example.com
749,Rhonda Houston,29,East Stacey,nicholsrichard@example.org
750,Richard Dudley,58,Williamsonton,rsmith@example.org
751,Darryl Romero,24,South Josephton,gatkins@example.net
752,Douglas Ward,23,West Kristinbury,zhumphrey@example.com
753,Christopher Johnson,25,East Samantha,emartin@example.com
754,Lisa Anderson,66,Brianberg,burkecarolyn@example.net
755,Troy French,22,Lake Richard,evanslauren@example.net
756,Jennifer Turner,69,Kristinchester,bradleycynthia@example.org
757,Alan Bird,64,New Maryborough,norrislisa@example.com
758,Joshua Cruz,29,Moodymouth,riggschristopher@example.org
759,John Mcdaniel,29,Lake Harold,charles17@example.net
760,Joshua Harris,64,Christensenburgh,bmejia@example.org
761,Alicia Sanders,42,Lesliehaven,duartejulie@example.net
762,Scott Hunter,40,Connerfort,gallagherkatherine@example.net
763,Russell Johnson,23,Guerraview,taylormichael@example.com
764,Craig Lee,27,Tonytown,shaun46@example.net
765,Damon Fuller,39,Mooreburgh,scottkatherine@example.net
766,Thomas Pearson,66,Marcusberg,rebecca98@example.com
767,Craig Frye,61,Moorestad,christinaruiz@example.net
768,Jennifer Collins,41,West Kimberly,jackieburns@example.net
769,Andrea Mcintosh,65,South Melissa,bcampos@example.net
770,Ryan Morrison,64,West Dorothy,edgar18@example.org
771,Daniel Wang,41,North Kendrashire,valexander@example.com
772,Carmen Maxwell,22,North Bettyborough,katelyn78@example.com
773,Paul Smith,49,Wrightton,kortiz@example.com
774,Raymond Murray,37,Port Robinberg,cgreer@example.com
775,Mary Gilmore,55,Port Timothy,clarkmichael@example.org
776,Gina Carlson,64,North Sue,kevin29@example.net
777,Frank Oliver,31,Nicholasburgh,kerrderek@example.net
778,Jennifer Carter,39,Smithberg,cle@example.com
779,Dawn Miller,38,Rachaelmouth,mgrimes@example.com
780,Ryan Jones,59,Melissastad,walter29@example.com
781,Ryan Howell,49,East Davidport,jdavis@example.org
782,Andrew Bailey,18,Lake Jessicaport,timothymarshall@example.org
783,Kylie Grant,60,Lake Jennifer,shelbyschwartz@example.com
784,Tanya Schultz,64,Perezburgh,tricia19@example.org
785,Jonathan Bridges,40,Ashleechester,torresdaniel@example.org
786,Leonard Huff,19,New Brian,nicholasbell@example.org
787,Omar Griffin,41,Michaelburgh,catherine99@example.org
788,Angela Graham,51,Port Edgar,ujones@example.net
789,Jennifer Lewis,18,Roberthaven,stacy07@example.com
790,Hector Potts,49,Lake Jason,ashley72@example.net
791,Aaron Kennedy,33,Pricefurt,perkinscassie@example.com
792,Natalie Butler,25,Johnsonfort,sconrad@example.net
793,Jordan Hart,51,Sanchezview,vstephens@example.org
794,Amanda Nichols,70,Mariashire,brooksrichard@example.com
795,Ryan Hammond,19,Port Lisa,cjohnson@example.org
796,Natalie White,69,Conwayland,anthony25@example.org
797,Jamie Gentry,42,North William,christine32@example.com
798,William Kim,31,West Patrick,hcasey@example.net
799,Andrew Garcia,56,Stewarthaven,davidsonedward@example.com
800,Krista Cain,31,Lake Thomas,eroberts@example.com
801,Christina Ramsey,58,Michaeltown,christina52@example.com
802,Rebecca Douglas,42,Lake Michaelborough,robinsonerika@example.org
803,Cynthia Chavez,70,South Maryside,qvaldez@example.com
804,Patricia Taylor,58,Johnport,yangmichael@example.net
805,Mark Long,30,Richardville,mark90@example.com
806,Tiffany Beltran,45,North Dawnberg,hrice@example.org
807,Rachel Roberts,70,Calhounside,areynolds@example.org
808,Elizabeth Williams,66,Priscillaview,karenjohnson@example.net
809,Marcus Evans,62,West Sharontown,richardsonrussell@example.net
810,Judith Mejia,53,Tracymouth,nelsonsharon@example.com
811,Renee Dunn,50,Herreraport,tracyharvey@example.com
812,Jessica Sweeney,64,Lake Blaketown,danieltaylor@example.com
813,Lisa Bowen,51,Stoutfurt,merrittrachel@example.com
814,James Brown,39,Amyton,sarah18@example.org
815,Kyle Davis,21,Marybury,michael89@example.org
816,Matthew Lewis,53,Cheryltown,timothy90@example.org
817,Kimberly Bond,46,Douglaston,perezjulie@example.net
818,Catherine Tucker,36,Crawfordfurt,ortizcalvin@example.net
819,Grace Anderson,31,East Christopher,victoria59@example.net
820,Eric Smith,48,Tracychester,molly44@example.com
821,Gary Price,38,Leestad,berrybrandon@example.com
822,Christine White,27,North Tara,rknight@example.com
823,Sarah Fleming,27,Port Lauriemouth,heather30@example.org
824,Steven Martinez,51,Rodriguezland,zbrown@example.com
825,Margaret Jones,63,Angelaview,kimberly90@example.org
826,Rose Church,35,New Jessicafort,wmoore@example.com
827,Rachel Kim,25,Davidview,traviswatkins@example.com
828,Elizabeth Wright,43,Vanessaport,forddonald@example.com
829,Keith Anderson,45,Ryanburgh,kruegersherry@example.com
830,Stacey Ward,40,Lake Monique,briansolomon@example.org
831,Melinda Anderson,66,New Thomas,angela68@example.org
832,Harry Rice,46,New Steven,patricia52@example.org
833,Vernon Parsons,68,East Cristianborough,deleonjames@example.org
834,Taylor Smith,31,Brittanymouth,mchan@example.com
835,Cole Santos,68,Caseyview,yanderson@example.net
836,Devin Smith,20,Port Katelyn,gbrown@example.net
837,Justin Watson,24,West Michelle,gonzalezvictor@example.org
838,Brian Bennett,51,East Carla,pricedeborah@example.net
839,Michael Jones,46,Marcusport,twilson@example.net
840,Drew Mccarthy,38,East Kellyshire,andres24@example.com
841,Deborah Powell,39,South Andrea,thomasleslie@example.com
842,Daniel Chavez,57,Jamesborough,danielmclaughlin@example.com
843,Stacy Brown,63,New Michellehaven,denise11@example.com
844,Sandra Burton,52,Lynnhaven,matthewjackson@example.org
845,Kenneth Harrison,57,South Judy,contrerascindy@example.com
846,Daniel Martin,61,Port Steven,grahamcolton@example.com
847,Christopher Patel,62,New Josephfurt,jfisher@example.net
848,Brian Ross,49,Lesliestad,pporter@example.net
849,Carol Thompson,61,East Carlaton,ftaylor@example.net
850,Denise Johnson,56,South Kennethton,lstevens@example.com
851,Christine Davis,64,Lake Amanda,hamptonmichael@example.org
852,Richard Baldwin,33,Port Katherineland,rhurley@example.net
853,Francisco Miller,67,Hallhaven,gregoryzimmerman@example.net
854,Anthony Phillips,47,Simmonston,melanieshea@example.net
855,Daniel Moore,64,East Gary,katrina69@example.org
856,Alexander Jackson,65,Lake Paige,zgeorge@example.com
857,Lisa Shelton,53,Port Aprilton,smithlance@example.net
858,Shane Jenkins,37,North Melanieborough,kbrown@example.net
859,Megan Griffin DVM,21,West Nicholeland,jessica03@example.net
860,Amanda Abbott,52,Lake Ericville,wbaker@example.com
861,Anthony Miller,41,Lake Nicoleborough,juliaperez@example.com
862,Patrick Harrison,31,Lake Natalie,erichards@example.org
863,Jessica Cole,25,Lake Kristina,andreaschultz@example.org
864,Donald Pena,21,North Ronald,darryl32@example.com
865,Mark Dawson,22,New Isaac,richardperry@example.net
866,Amanda Martinez,38,New Jamesfurt,villegasbrian@example.org
867,Christine Espinoza,50,Mortontown,urichardson@example.org
868,Brenda Smith,54,West Laurenfort,allisonmatthew@example.com
869,Kimberly Bennett,29,Lake Jennifer,xtorres@example.com
870,Lee Cervantes,49,West Michaelmouth,njordan@example.org
871,Jacob Taylor,48,Petersville,taylor56@example.org
872,Alyssa Perry,61,South Franktown,john28@example.org
873,Ronald Nelson,45,West Raymond,sandy30@example.net
874,Gary Rogers,19,Port Bonnie,benjaminmills@example.org
875,Nathaniel Hanna,39,West Rodney,williamsmegan@example.org
876,Stephanie Esparza,54,Tinachester,obrienmatthew@example.org
877,Kelli Peterson,70,East John,ujones@example.com
878,Jeffrey Romero,25,Greggside,sharris@example.org
879,Robert Hernandez,30,Taylorhaven,xcook@example.org
880,Stacy Allen,44,East Brian,juan42@example.com
881,Mark Pena,29,Lake Anthony,wpham@example.org
882,Bonnie Salinas,21,Chamberston,joshua49@example.com
883,Julie Alexander,23,West Richard,eric38@example.com
884,Margaret Richard,52,New Jeffreybury,richard65@example.com
885,Margaret Hawkins,38,Shieldsbury,freemanjo@example.org
886,Deborah Camacho,34,North Karen,garzachristopher@example.org
887,Brandon Vincent,69,Erictown,perryheather@example.org
888,Adrian Hancock PhD,70,Crosstown,robert48@example.net
889,Danielle Graves,30,Estradahaven,ldavis@example.net
890,Craig Saunders,70,Port Brandonfurt,austin46@example.net
891,Michael Johnson,40,South Desiree,hobbsmelissa@example.org
892,Emily Wilson,28,Hawkinsburgh,dominique08@example.com
893,Madison Martin,63,Port Christina,scott80@example.org
894,Philip Schneider,55,Monicaside,torresroger@example.net
895,Daniel Cunningham,29,West Monicaview,kgalvan@example.com
896,Brandon Thomas,46,Port Josephchester,perezmatthew@example.org
897,Tony Huff,70,South Monicaburgh,obrown@example.org
898,Chelsea Owens,37,Rodriguezberg,nicholasnichols@example.net
899,Brittney Bates,70,Lisaport,juan93@example.net
900,Erin Perkins,57,Christopherfurt,martinlori@example.org
901,Jessica Lopez,53,Port Tyler,hartwilliam@example.net
902,Joshua Matthews,34,Lake Johnfort,ljackson@example.org
903,Richard Cooper,43,Pamelahaven,timothy15@example.net
904,Eric Jones,59,North Pamela,sosarichard@example.com
905,Annette Mccoy,33,North Dianafort,gravesjonathan@example.net
906,Kimberly Hansen,19,Underwoodside,gallegostyler@example.net
907,David Ayers,42,West Charlesfurt,jefferydouglas@example.net
908,Michael Garcia,28,Elizabethhaven,guerrerokristen@example.org
909,Lisa Long,23,Port Bethborough,dominic53@example.com
910,Danielle Taylor,38,Port Thomasstad,sarah90@example.net
911,Heather Duarte,48,Christianburgh,zoneill@example.org
912,David Flores,36,Perezton,robertsmith@example.org
913,Erin Miller,66,East Clayton,shannon44@example.com
914,Timothy King,58,Lindseyborough,grahamrachael@example.org
915,Kristin King,49,Marksberg,duncanashlee@example.com
916,Stephanie Hill,34,South Marcfort,cohenmelissa@example.net
917,Selena Smith,48,Sarahberg,lauren30@example.com
918,Melissa Mejia,32,East Sean,aclark@example.org
919,Kurt Page,45,Jessicahaven,balexander@example.net
920,Christian Pearson,37,West Masontown,danielcantu@example.net
921,Tiffany Vargas,24,Elizabethmouth,jason68@example.org
922,Tara Scott,60,Downsborough,alexa27@example.org
923,Heather Ortiz,49,Lake Joshua,amber54@example.com
924,Emma Evans,21,East Rachel,ahull@example.net
925,Heather Fowler,34,North Benjamin,emilymcknight@example.org
926,Valerie Doyle,21,Lake Brad,burtonkimberly@example.com
927,Samuel Richards,39,North Hunter,hobbsjacob@example.org
928,Jordan Ramirez,25,Elizabethfurt,katherinewhitney@example.org
929,Debra Moore,43,West Julie,nosborne@example.com
930,Cynthia Juarez,35,Holtstad,rubiojessica@example.com
931,Terry Cooper,23,Port Jamesview,kleindonna@example.net
932,Leslie Martinez,65,Port Amy,danielmunoz@example.net
933,Jennifer Pace,42,East Ryanfort,jclark@example.net
934,Jennifer Bell,57,East Bruce,tonymccarthy@example.net
935,Paula Miller,55,Christophertown,troy80@example.org
936,Jonathan Aguilar,57,Port Carmen,stanleynathan@example.net
937,Sara Young,62,North Josestad,josephsmith@example.net
938,Holly Crawford,38,North Stephanieborough,lopezwendy@example.org
939,Melissa Deleon,51,North Elizabeth,fmays@example.org
940,Laura Watson,52,Lake Anthony,aaron13@example.net
941,Eric Peters,57,West Johnport,erin38@example.net
942,Danielle Munoz MD,50,East Katherine,zmartinez@example.org
943,Kristen Fuentes,49,Lindamouth,williamssarah@example.com
944,Troy Porter,60,Jonesfurt,gjohnson@example.com
945,Robert Hansen Jr.,31,Clarktown,codygardner@example.com
946,Wesley Wheeler,63,Maxport,xcastillo@example.com
947,Micheal Hines,42,Lopezfurt,neilmorales@example.net
948,Sara Taylor,60,North Erikahaven,samanthaking@example.net
949,Marissa Hamilton,54,Smithfurt,hodgebrian@example.net
950,Tricia Jacobson,25,Jessicamouth,courtney01@example.org
951,Amber Juarez,39,Haroldside,tcarter@example.com
952,Eric Young,33,Port Timmouth,mcgrathalexis@example.com
953,James Williams,61,Michelestad,lisa17@example.net
954,William Hernandez,51,East Claudia,zlogan@example.com
955,Andrew Miller,31,West Carla,zparsons@example.net
956,David Sandoval,46,Scottton,watkinsnatalie@example.org
957,Samuel Parker,43,West Anthonyview,wmartinez@example.net
958,Rodney Turner,66,South Ronald,kwright@example.net
959,Tiffany Hill,51,North Joanneport,brittney92@example.net
960,Mrs. Nancy Hansen DDS,56,Anthonymouth,joseph28@example.org
961,Margaret Hamilton,51,Kimberlychester,tsmith@example.com
962,Emily Carr,51,Lake David,luis22@example.org
963,Marc Johnson,67,Herreraborough,romanbrad@example.org
964,Linda Jenkins,27,Rhodesberg,robertgardner@example.org
965,Jessica Stokes,63,Cooperville,gregory35@example.org
966,Bonnie Malone,40,West Wendy,uhiggins@example.com
967,Tamara Thomas,20,West Wayne,robert28@example.org
968,Roy Newton,22,North Jamesville,jenna72@example.com
969,Leslie Russell,27,Stevenmouth,hillmiguel@example.net
970,Victoria Gibbs,33,East Thomaston,colleen72@example.com
971,Kimberly Williams,19,New Tracey,parkjackie@example.com
972,Brett Mills,28,Briannaport,epatrick@example.org
973,Joshua Ross,47,East Tom,bridgesthomas@example.com
974,Mrs. Donna Bennett,48,East Courtney,rmcmahon@example.net
975,Catherine Fowler,43,Zacharytown,gregory26@example.net
976,Jessica Ford,45,Floresbury,christineking@example.org
977,Ryan York,65,Riveratown,jennifermartin@example.com
978,Natalie Cooper,35,Lindastad,ralphlee@example.com
979,Amy Scott,70,Christophermouth,smithadrian@example.net
980,Karen Lewis,37,Mccoyburgh,stevendyer@example.org
981,Dr. Derek Sanchez,21,Port Christina,holly33@example.com
982,Eric Davila,31,Lake Kevin,sanderschristopher@example.net
983,Brandy Perez,36,Gonzalezberg,cody95@example.com
984,Cynthia Silva,32,Fostermouth,greenesharon@example.org
985,Gregory Brooks,53,Ryanmouth,victoriajuarez@example.org
986,Lisa Shaffer,50,Cookmouth,brandonkent@example.net
987,Nancy Avery,70,Lake Teresaville,lopezlori@example.org
988,Ryan Riggs,55,Howardside,haynesjonathan@example.com
989,James Hernandez,36,Markchester,manderson@example.com
990,Martin Bennett,33,South Feliciafurt,gadams@example.com
991,Larry Wright,54,Carrietown,kristi22@example.com
992,Derek Henderson,36,Hernandezbury,ncarrillo@example.org
993,Daniel Singleton,29,South John,taylorjames@example.net
994,Kara Lewis,69,New Devin,pattersonisabel@example.com
995,Kimberly Johnson,63,Lake Jasonmouth,justin93@example.net
996,Gregory Brown Jr.,29,Diazhaven,joshuamurphy@example.com
997,Anthony Stevens,42,New Miguel,maria00@example.com
998,Derrick Smith,56,Margaretmouth,aaron69@example.org
999,Ashley Sanchez,37,Nguyenburgh,brandon06@example.net
1000,Sarah Martin,33,North Tracey,njohnson@example.com
